Changes made at Sat Aug  9 05:58:18 UTC 2025
Changes made at Thu Nov 20 13:38:01 UTC 2025
Changes made at Thu Nov 20 14:23:22 UTC 2025
Changes made at Thu Nov 20 16:30:23 UTC 2025
Changes made at Fri Nov 21 08:32:04 UTC 2025
Changes made at Fri Nov 21 10:24:01 UTC 2025
Changes made at Fri Nov 21 14:22:17 UTC 2025
Changes made at Fri Nov 21 16:28:10 UTC 2025
Changes made at Sat Nov 22 08:27:39 UTC 2025
Changes made at Sat Nov 22 10:21:28 UTC 2025
Changes made at Sat Nov 22 14:18:57 UTC 2025
Changes made at Sat Nov 22 16:26:00 UTC 2025
Changes made at Sun Nov 23 08:27:53 UTC 2025
Changes made at Sun Nov 23 10:21:48 UTC 2025
Changes made at Sun Nov 23 14:18:57 UTC 2025
Changes made at Sun Nov 23 16:26:21 UTC 2025
